{"cameraMode":{"drawMode":0,"name":"Shaded","section":"Shading Mode"},"sceneLighting":true,"audioPlay":false,"sceneViewState":{"showFog":true,"showMaterialUpdate":false,"showSkybox":true,"showFlares":true,"showImageEffects":true,"showParticleSystems":true},"in2DMode":false,"pivot":{"x":-10.487578392028809,"y":30.04869842529297,"z":-27.33289909362793},"rotation":{"x":-0.19724911451339723,"y":-0.22933737933635713,"z":0.04752098768949509,"w":-0.9519745111465454},"size":15.145363807678223,"orthographic":false}